dataset,model,sc_method,label,w_baseline,w_platform,w_provider,w_civic,ndcg,platform,provider,civic,jsd_raw,ild_raw,geo_ild_km_raw,poplift_raw,gini_raw,elapsed_s
foursquaretky,LightGCN,borda,corner_platform,1.0,3.0,0.0,0.0,0.11846584936074617,0.9139682642227442,0.883406483669786,0.23290116228799665,0.08603173577725573,0.883406483669786,4.5254752088132015,1.0913931134088763,0.8724759100843429,177.76377534866333
foursquaretky,LightGCN,borda,corner_provider,1.0,0.0,3.0,0.0,0.06845167754975505,0.9103434474587432,0.9730303822198191,0.15257838807689653,0.08965655254125685,0.9730303822198191,6.7488274318050525,0.14830247859109877,0.7441558578112913,178.65815472602844
foursquaretky,LightGCN,borda,corner_civic,1.0,0.0,0.0,3.0,0.09092298929861305,0.8393152184795218,0.8756147435680895,0.7022344694029946,0.16068478152047816,0.8756147435680895,1.293078535233138,0.6283039824308192,0.8542100835918196,178.56101417541504
foursquaretky,LightGCN,borda,centroid,1.0,1.0,1.0,1.0,0.09531706774115242,0.9160341837447893,0.9112853016618745,0.3253019708863045,0.08396581625521067,0.9112853016618745,2.976103287693481,0.6018300713627948,0.8200636890053851,182.71574449539185
foursquaretky,LightGCN,borda,random_0,1.0,0.6510370355367876,1.829326183627715,0.5196367808354976,0.07753136665616603,0.9317357662037747,0.9542952993090659,0.20197236569941832,0.06826423379622526,0.9542952993090659,4.920416325336689,0.2953911320960291,0.765500912525254,182.535058259964
foursquaretky,LightGCN,borda,random_1,1.0,1.5212364475792237,0.4961482457115853,0.9826153067091912,0.10448093918285652,0.9061100661346662,0.8897312574074729,0.34519708168056606,0.09388993386533383,0.8897312574074729,2.8915333314789304,0.8244348875433133,0.8492066663161769,182.09409999847412
foursquaretky,LightGCN,borda,random_2,1.0,0.16827235628079754,2.117748232026584,0.7139794116926186,0.07324483535475565,0.9132268794626207,0.9618827016926832,0.21004078352753475,0.08677312053737926,0.9618827016926832,4.697219151757704,0.21988375540639885,0.7589006887124757,181.13614153862
foursquaretky,LightGCN,borda,random_3,1.0,0.34544997508882735,0.44132908044285335,2.2132209444683193,0.09418301422519555,0.8643233126828407,0.8855356295306106,0.5743623670519956,0.13567668731715937,0.8855356295306106,1.6227956891182085,0.6398424797180066,0.8427860935657582,181.1828968524933
foursquaretky,LightGCN,borda,random_4,1.0,0.7030504688366359,1.5475654977234556,0.7493840334399082,0.08157958989715454,0.9270584803712622,0.9439299457441135,0.2401072169653108,0.07294151962873789,0.9439299457441135,4.129371807569725,0.375050406831227,0.7789690342253299,181.788236618042
foursquaretky,LightGCN,borda,random_5,1.0,2.1481586042293332,0.571430584989733,0.28041081078093366,0.11179850100883641,0.923152406569606,0.8953258690011733,0.2384739544985875,0.07684759343039406,0.8953258690011733,4.291334658611295,0.9772196420348204,0.8519807430884662,184.83361315727234
foursquaretky,LightGCN,borda,random_6,1.0,2.0507355209222773,0.02649961476008688,0.9227648643176358,0.11188813303550359,0.8968443313437096,0.878590015528076,0.31761784317301595,0.10315566865629043,0.878590015528076,3.1846548198813585,0.9802780462594712,0.8666371754526951,185.45830750465393
foursquaretky,LightGCN,borda,random_7,1.0,0.13810763165655338,2.0278016753241497,0.8340906930192968,0.07396912845299486,0.9101286141242336,0.9594803282153367,0.22491256350293004,0.08987138587576635,0.9594803282153367,4.354887545369517,0.23210360285167173,0.7615829872246465,185.30211281776428
foursquaretky,LightGCN,borda,random_8,1.0,1.559265890100384,0.4669447187392338,0.9737893911603821,0.104733930827824,0.9063239030549112,0.8889048740930652,0.3420458342209806,0.09367609694508879,0.8889048740930652,2.9080006121941646,0.8337600261111325,0.8501133333834032,185.31339526176453
foursquaretky,LightGCN,borda,random_9,1.0,0.4946652525630196,2.226023352477561,0.2793113949594195,0.07405649972480902,0.9307698569766307,0.9630999423019225,0.1787549587895988,0.06923014302336931,0.9630999423019225,5.716154693495971,0.22659686340782137,0.7517037559990086,185.53367924690247
foursquaretky,LightGCN,borda,random_10,1.0,1.0046075767116807,0.9492324344843563,1.0461599888039625,0.09589479734795717,0.9132215213503595,0.9081797932340232,0.33916519262184147,0.0867784786496405,0.9081797932340232,2.8660085245193563,0.6203292255355983,0.8236313998813342,185.85514569282532
foursquaretky,LightGCN,borda,random_11,1.0,0.2529773020437339,1.3754590490423104,1.3715636489139558,0.08178396417127252,0.8998193122370557,0.9335167510770002,0.3506203565812153,0.10018068776294434,0.9335167510770002,2.6816505752154898,0.39497707256930564,0.7928995020541206,185.70001220703125
foursquaretky,LightGCN,borda,random_12,1.0,0.42363391369383885,2.3774948102180407,0.19887127608812077,0.07173785379177323,0.9294091528065046,0.9656822409080218,0.17093509156346784,0.07059084719349541,0.9656822409080218,5.988102153461643,0.20363829330336417,0.747312969875401,185.79496502876282
foursquaretky,LightGCN,borda,random_13,1.0,1.5625672418299346,0.552882134304649,0.8845506238654164,0.1046214957113138,0.909777901218777,0.8920059883402631,0.3289353281490147,0.090222098781223,0.8920059883402631,3.0593014565053753,0.8253809233004431,0.847684664318385,185.63241815567017
foursquaretky,LightGCN,borda,random_14,1.0,0.5661103607806878,0.20518689703174256,2.22870274218757,0.09785137736128445,0.8670069419736134,0.8790059778713522,0.5561641221013157,0.13299305802638658,0.8790059778713522,1.6794763864889386,0.6891979198997499,0.8502709035877639,185.0994267463684
foursquaretky,LightGCN,borda,random_15,1.0,0.23133856964191712,0.29126505725666996,2.477396373101413,0.09372628938252732,0.8550134713982346,0.8817798979272832,0.6212285881888915,0.14498652860176545,0.8817798979272832,1.4990495563636668,0.6317044580038366,0.84707661456886,184.96267080307007
foursquaretky,LightGCN,borda,random_16,1.0,0.9487369120310547,0.9004823638864461,1.1507807240824992,0.09595765478423554,0.9081325201478173,0.9049478345869308,0.36202900982053465,0.09186747985218265,0.9049478345869308,2.669275046672291,0.6308066894554385,0.8267624505246082,185.01305842399597
foursquaretky,LightGCN,borda,random_17,1.0,1.8007594311731712,0.523384869111644,0.6758556997151848,0.10821464984727153,0.9141317313816341,0.8928411748296247,0.2886606057182448,0.08586826861836595,0.8928411748296247,3.497966829553657,0.8916677406792908,0.850607223594974,184.57901525497437
foursquaretky,LightGCN,borda,random_18,1.0,1.3864468872419153,1.2834065387054405,0.3301465740526442,0.09124155686501069,0.93954828534138,0.931653846819919,0.21396510351592293,0.060451714658619954,0.931653846819919,4.710582654204801,0.5482914608626361,0.7964759251053348,184.66449427604675
foursquaretky,LightGCN,borda,random_19,1.0,0.850850586661415,1.6280391035284898,0.5211103098100951,0.0810253618148923,0.9342233695911017,0.9475320474945249,0.2153572341346117,0.06577663040889824,0.9475320474945249,4.690348539392337,0.36108152805338223,0.7742209738109007,181.2778341770172
foursquaretky,LightGCN,borda,random_20,1.0,2.2338144869183196,0.0914516587800896,0.6747338543015913,0.11436304553365535,0.9026641627214435,0.8809068771106423,0.2836094186905796,0.0973358372785565,0.8809068771106423,3.619374214710722,1.0292720347160274,0.867309665257197,185.31881308555603
foursquaretky,LightGCN,borda,random_21,1.0,1.481883409085342,1.0461382382025834,0.47197835271207467,0.09748455414817259,0.9323499439024925,0.916954846171596,0.24197563007201087,0.06765005609750753,0.916954846171596,4.103424923686487,0.670046655312457,0.8168657198434812,185.50405597686768
foursquaretky,LightGCN,borda,random_22,1.0,0.2193800590811564,2.634889428936235,0.14573051198260872,0.07030290548603481,0.9221380298649683,0.9694327145747101,0.16524296798732102,0.07786197013503171,0.9694327145747101,6.242693198526515,0.17033743007228117,0.7451933577174101,184.77869272232056
foursquaretky,LightGCN,borda,random_23,1.0,0.04147500267640803,2.7787113177439293,0.17981367957966318,0.0690439245923191,0.9126352099230315,0.971287311235411,0.16317537244751137,0.08736479007696857,0.971287311235411,6.305094715973572,0.15976510168730088,0.7457900666180988,185.03598928451538
foursquaretky,LightGCN,borda,random_24,1.0,0.9477330693035887,0.3408321430647074,1.7114347876317035,0.1002089923255554,0.8827732122450804,0.8826554874669996,0.47244651255265935,0.11722678775491963,0.8826554874669996,2.0102604862491193,0.7298482363360602,0.8499176849647382,181.01892399787903
foursquaretky,LightGCN,borda,random_25,1.0,0.6263358911932462,0.25403074627734373,2.1196333625294104,0.09805488166420977,0.8706770217967114,0.8797859378907222,0.5396361994057466,0.1293229782032886,0.8797859378907222,1.7318858361172336,0.6932680708449346,0.849737808587501,182.0897991657257
foursquaretky,LightGCN,borda,random_26,1.0,2.424986135327297,0.20663780489450154,0.36837605977820165,0.11653063902672985,0.9098764309457426,0.8841948330987471,0.2518884043498634,0.09012356905425742,0.8841948330987471,4.110168297547239,1.0623581380535465,0.8679246997679257,181.40429067611694
foursquaretky,LightGCN,borda,random_27,1.0,0.44007020323868196,2.330211142566606,0.229718654194712,0.07256072634542426,0.9294023245296968,0.9649390455653043,0.1737935435078795,0.07059767547030314,0.9649390455653043,5.894681571868825,0.21043404095898827,0.7485038341081662,181.3592767715454
foursquaretky,LightGCN,borda,random_28,1.0,1.1280288177372186,0.4991568738905121,1.372814308372269,0.10097366632121574,0.8954769246364892,0.8877294538471474,0.41633428097641006,0.10452307536351083,0.8877294538471474,2.2954462031888205,0.7347867268450593,0.8456857458297972,182.7482807636261
foursquaretky,LightGCN,borda,random_29,1.0,0.6963120348822378,0.33450852390780583,1.9691794412099566,0.09768899462003813,0.8756386551211018,0.8819793375009949,0.5175723375165275,0.12436134487889818,0.8819793375009949,1.812486099872512,0.6916026746754311,0.8477517330469331,181.20720958709717
foursquaretky,LightGCN,borda,random_30,1.0,1.6256817189416508,0.027008213143088065,1.3473100679152612,0.10697579072173766,0.8898049755930099,0.8767568370102389,0.39456718956066594,0.11019502440699014,0.8767568370102389,2.5058118513899785,0.8655148002612687,0.8626948410403539,181.36112189292908
foursquaretky,LightGCN,borda,random_31,1.0,0.2239225946365167,2.596258857414478,0.17981854794900584,0.07027254071593994,0.9224381873321532,0.9690432683216118,0.16756611087189266,0.07756181266784676,0.9690432683216118,6.162009632297821,0.1726817362155373,0.7464563978159479,181.50606846809387
foursquaretky,LightGCN,borda,random_32,1.0,0.9935248457341697,0.18535415101699973,1.8211210032488307,0.10027413935533108,0.8788796305808341,0.8785019342964027,0.48204732132660477,0.12112036941916594,0.8785019342964027,1.9693897336420436,0.7460231247815676,0.854320112357019,181.3317379951477
foursquaretky,LightGCN,borda,random_33,1.0,1.1003276778589908,0.3131955552470993,1.58647676689391,0.10160299912807357,0.8866511153592292,0.8820299874309607,0.4466750936719084,0.11334888464077071,0.8820299874309607,2.1342740886115372,0.7530517408311679,0.8515090088398537,181.27874732017517
foursquaretky,LightGCN,borda,random_34,1.0,0.5098546523982519,0.4377863184986813,2.052359029103067,0.09534668764073807,0.8714038691509806,0.8850242275304572,0.5375712266420104,0.1285961308490194,0.8850242275304572,1.7336056863178637,0.6636503000514239,0.8437206245728405,181.36735081672668
foursquaretky,LightGCN,borda,random_35,1.0,0.6020910781310969,1.4865721914394034,0.9113367304294998,0.08159262947867939,0.9228162883175153,0.9405083287929028,0.26442230052644133,0.07718371168248468,0.9405083287929028,3.6955158768630674,0.38654353919032514,0.7828473792124494,185.3054449558258
foursquaretky,LightGCN,borda,random_36,1.0,1.5800020251711189,1.0992908289041357,0.3207071459247456,0.09778998494301297,0.9365210455678463,0.9207376926637657,0.22049879993154523,0.06347895443215368,0.9207376926637657,4.512783506215526,0.6716376844397681,0.8134235844592819,185.16512274742126
foursquaretky,LightGCN,borda,random_37,1.0,0.45870639345964936,1.409044319969842,1.1322492865705085,0.08269995978258245,0.9130818884292781,0.9356358251892927,0.308203456125349,0.0869181115707219,0.9356358251892927,3.1126309139270454,0.403165879261617,0.789279968756337,185.25676822662354
foursquaretky,LightGCN,borda,random_38,1.0,0.9125973555395739,0.7967963587281275,1.2906062857322986,0.09679431636893185,0.9022004953191187,0.8996515624422591,0.3955135863916006,0.09779950468088124,0.8996515624422591,2.426259653055508,0.6480010677850646,0.8314579374676109,185.2107458114624
foursquaretky,LightGCN,borda,random_39,1.0,0.4086881768703151,2.367131067255523,0.22418075587416192,0.07162953146982382,0.9286053941167881,0.9656234779653088,0.17227377572460076,0.0713946058832119,0.9656234779653088,5.93556674532032,0.20401038295470794,0.7479738935161888,181.66755032539368
foursquaretky,LightGCN,schulze,corner_platform,1.0,3.0,0.0,0.0,0.10440001612340528,0.972583607247807,0.9014843897192699,0.22544941247075426,0.027416392752192938,0.9014843897192699,4.645408587774408,0.8011559814107153,0.8269766498681909,109.30628442764282
foursquaretky,LightGCN,schulze,corner_provider,1.0,0.0,3.0,0.0,0.0656838145716007,0.922473575463475,0.9809349821453223,0.1448448289999897,0.07752642453652497,0.9809349821453223,7.1215482350989,0.04106323307224328,0.7032993608567973,109.52115106582642
foursquaretky,LightGCN,schulze,corner_civic,1.0,0.0,0.0,3.0,0.07877306103279562,0.8745327170800211,0.8872801721076706,1.0,0.12546728291997888,0.8872801721076706,0.9025888131995982,0.4209547995422993,0.8160592427918015,109.79899859428406
foursquaretky,LightGCN,schulze,centroid,1.0,1.0,1.0,1.0,0.0994882628105722,0.9299622276168665,0.9080084920725149,0.23287701489069015,0.07003777238313343,0.9080084920725149,4.42695001576966,0.7020318731257431,0.8390407594613473,106.80381464958191
foursquaretky,LightGCN,schulze,random_0,1.0,0.6510370355367876,1.829326183627715,0.5196367808354976,0.0666271114398084,0.9231265071581195,0.9780621428469427,0.14967985929838454,0.07687349284188053,0.9780621428469427,6.887541388234968,0.05008615946709592,0.7004181844127167,113.10173654556274
foursquaretky,LightGCN,schulze,random_1,1.0,1.5212364475792237,0.4961482457115853,0.9826153067091912,0.10989834516558995,0.9695128191419571,0.8993152942936233,0.23104796677616235,0.03048718085804293,0.8993152942936233,4.526757345783733,0.8192436779003672,0.8295427610085094,114.47291707992554
foursquaretky,LightGCN,schulze,random_2,1.0,0.16827235628079754,2.117748232026584,0.7139794116926186,0.0656838145716007,0.922473575463475,0.9809349821453223,0.1448448289999897,0.07752642453652497,0.9809349821453223,7.1215482350989,0.04106323307224328,0.7032993608567973,114.41219210624695
foursquaretky,LightGCN,schulze,random_3,1.0,0.34544997508882735,0.44132908044285335,2.2132209444683193,0.07877306103279562,0.8745327170800211,0.8872801721076706,1.0,0.12546728291997888,0.8872801721076706,0.9025888131995982,0.4209547995422993,0.8160592427918015,114.53568768501282
foursquaretky,LightGCN,schulze,random_4,1.0,0.7030504688366359,1.5475654977234556,0.7493840334399082,0.09480084152982414,0.9189352552787167,0.921764108165995,0.1999680763793357,0.08106474472128337,0.921764108165995,5.131514978666057,0.5564754235250867,0.8304763907560817,110.80250906944275
foursquaretky,LightGCN,schulze,random_5,1.0,2.1481586042293332,0.571430584989733,0.28041081078093366,0.10440001612340528,0.972583607247807,0.9014843897192699,0.22544941247075426,0.027416392752192938,0.9014843897192699,4.645408587774408,0.8011559814107153,0.8269766498681909,114.50121402740479
foursquaretky,LightGCN,schulze,random_6,1.0,2.0507355209222773,0.02649961476008688,0.9227648643176358,0.10440001612340528,0.972583607247807,0.9014843897192699,0.22544941247075426,0.027416392752192938,0.9014843897192699,4.645408587774408,0.8011559814107153,0.8269766498681909,114.50740671157837
foursquaretky,LightGCN,schulze,random_7,1.0,0.13810763165655338,2.0278016753241497,0.8340906930192968,0.0656838145716007,0.922473575463475,0.9809349821453223,0.1448448289999897,0.07752642453652497,0.9809349821453223,7.1215482350989,0.04106323307224328,0.7032993608567973,113.73339819908142
foursquaretky,LightGCN,schulze,random_8,1.0,1.559265890100384,0.4669447187392338,0.9737893911603821,0.10989834516558995,0.9695128191419571,0.8993152942936233,0.23104796677616235,0.03048718085804293,0.8993152942936233,4.526757345783733,0.8192436779003672,0.8295427610085094,114.31722164154053
foursquaretky,LightGCN,schulze,random_9,1.0,0.4946652525630196,2.226023352477561,0.2793113949594195,0.0656838145716007,0.922473575463475,0.9809349821453223,0.1448448289999897,0.07752642453652497,0.9809349821453223,7.1215482350989,0.04106323307224328,0.7032993608567973,113.76807427406311
foursquaretky,LightGCN,schulze,random_10,1.0,1.0046075767116807,0.9492324344843563,1.0461599888039625,0.10385656157753698,0.9309674913446406,0.9060115349866397,0.24123632570811918,0.06903250865535937,0.9060115349866397,4.342686210382893,0.7232789064156598,0.8346556813146372,111.58776450157166
foursquaretky,LightGCN,schulze,random_11,1.0,0.2529773020437339,1.3754590490423104,1.3715636489139558,0.06814588235007399,0.9249492163613575,0.9697829903043093,0.15942022558397026,0.07505078363864252,0.9697829903043093,6.355470867007762,0.07115768944565332,0.7246723546155753,112.910715341568
foursquaretky,LightGCN,schulze,random_12,1.0,0.42363391369383885,2.3774948102180407,0.19887127608812077,0.0656838145716007,0.922473575463475,0.9809349821453223,0.1448448289999897,0.07752642453652497,0.9809349821453223,7.1215482350989,0.04106323307224328,0.7032993608567973,114.0000069141388
foursquaretky,LightGCN,schulze,random_13,1.0,1.5625672418299346,0.552882134304649,0.8845506238654164,0.10989834516558995,0.9695128191419571,0.8993152942936233,0.23104796677616235,0.03048718085804293,0.8993152942936233,4.526757345783733,0.8192436779003672,0.8295427610085094,114.43885779380798
foursquaretky,LightGCN,schulze,random_14,1.0,0.5661103607806878,0.20518689703174256,2.22870274218757,0.07877306103279562,0.8745327170800211,0.8872801721076706,1.0,0.12546728291997888,0.8872801721076706,0.9025888131995982,0.4209547995422993,0.8160592427918015,113.97473502159119
foursquaretky,LightGCN,schulze,random_15,1.0,0.23133856964191712,0.29126505725666996,2.477396373101413,0.07877306103279562,0.8745327170800211,0.8872801721076706,1.0,0.12546728291997888,0.8872801721076706,0.9025888131995982,0.4209547995422993,0.8160592427918015,113.91700029373169
foursquaretky,LightGCN,schulze,random_16,1.0,0.9487369120310547,0.9004823638864461,1.1507807240824992,0.10281389736702813,0.9292852356801689,0.9060310613617216,0.24119472083407384,0.07071476431983119,0.9060310613617216,4.339568040408415,0.7229759351943005,0.8360693068563317,111.54762649536133
foursquaretky,LightGCN,schulze,random_17,1.0,1.8007594311731712,0.523384869111644,0.6758556997151848,0.108522844592612,0.9724164431110428,0.9013127034428541,0.22577285401854066,0.027583556888957174,0.9013127034428541,4.635332320324688,0.8055381260404987,0.8275168047346166,114.01877808570862
foursquaretky,LightGCN,schulze,random_18,1.0,1.3864468872419153,1.2834065387054405,0.3301465740526442,0.10505666871611123,0.9669754857536672,0.9053327261502092,0.23154657836414186,0.03302451424633278,0.9053327261502092,4.512863724602816,0.7274807993432924,0.8145503090569071,113.70874500274658
foursquaretky,LightGCN,schulze,random_19,1.0,0.850850586661415,1.6280391035284898,0.5211103098100951,0.08560471408432684,0.9346840112380919,0.9414944986165705,0.17473335165180914,0.06531598876190815,0.9414944986165705,5.859656321117392,0.3299422862874041,0.7914646218089779,111.676766872406
foursquaretky,LightGCN,schulze,random_20,1.0,2.2338144869183196,0.0914516587800896,0.6747338543015913,0.10440001612340528,0.972583607247807,0.9014843897192699,0.22544941247075426,0.027416392752192938,0.9014843897192699,4.645408587774408,0.8011559814107153,0.8269766498681909,113.44434666633606
foursquaretky,LightGCN,schulze,random_21,1.0,1.481883409085342,1.0461382382025834,0.47197835271207467,0.1050295432965414,0.9671087444582028,0.90494581789443,0.2323202183860243,0.03289125554179713,0.90494581789443,4.508068312279863,0.7303864479334703,0.815165418672595,113.8064227104187
foursquaretky,LightGCN,schulze,random_22,1.0,0.2193800590811564,2.634889428936235,0.14573051198260872,0.0656838145716007,0.922473575463475,0.9809349821453223,0.1448448289999897,0.07752642453652497,0.9809349821453223,7.1215482350989,0.04106323307224328,0.7032993608567973,113.77971029281616
foursquaretky,LightGCN,schulze,random_23,1.0,0.04147500267640803,2.7787113177439293,0.17981367957966318,0.0656838145716007,0.922473575463475,0.9809349821453223,0.1448448289999897,0.07752642453652497,0.9809349821453223,7.1215482350989,0.04106323307224328,0.7032993608567973,114.1494550704956
foursquaretky,LightGCN,schulze,random_24,1.0,0.9477330693035887,0.3408321430647074,1.7114347876317035,0.09285972365484572,0.9071892442657803,0.9068253938560291,0.3213927527448401,0.09281075573421972,0.9068253938560291,3.79688801790529,0.5430253062683098,0.8418095788864939,111.47031807899475
foursquaretky,LightGCN,schulze,random_25,1.0,0.6263358911932462,0.25403074627734373,2.1196333625294104,0.07877306103279562,0.8745327170800211,0.8872801721076706,1.0,0.12546728291997888,0.8872801721076706,0.9025888131995982,0.4209547995422993,0.8160592427918015,114.33602237701416
foursquaretky,LightGCN,schulze,random_26,1.0,2.424986135327297,0.20663780489450154,0.36837605977820165,0.10440001612340528,0.972583607247807,0.9014843897192699,0.22544941247075426,0.027416392752192938,0.9014843897192699,4.645408587774408,0.8011559814107153,0.8269766498681909,114.51447010040283
foursquaretky,LightGCN,schulze,random_27,1.0,0.44007020323868196,2.330211142566606,0.229718654194712,0.0656838145716007,0.922473575463475,0.9809349821453223,0.1448448289999897,0.07752642453652497,0.9809349821453223,7.1215482350989,0.04106323307224328,0.7032993608567973,114.06981754302979
foursquaretky,LightGCN,schulze,random_28,1.0,1.1280288177372186,0.4991568738905121,1.372814308372269,0.10373961695624478,0.9309986922677156,0.9059753016429198,0.2412771273294064,0.06900130773228438,0.9059753016429198,4.342956275979048,0.7232483940509501,0.8346216587681284,111.56782150268555
foursquaretky,LightGCN,schulze,random_29,1.0,0.6963120348822378,0.33450852390780583,1.9691794412099566,0.07894977332336411,0.8769955579690638,0.8894689925159792,0.9380538296635886,0.12300444203093616,0.8894689925159792,0.9919576007194992,0.4194657649953497,0.8122620862655562,114.09887766838074
foursquaretky,LightGCN,schulze,random_30,1.0,1.6256817189416508,0.027008213143088065,1.3473100679152612,0.11051174138919785,0.969226474521165,0.8991331737470409,0.23161687816008328,0.030773525478835047,0.8991331737470409,4.521716601311911,0.8192756569955096,0.8295400572299789,114.1464638710022
foursquaretky,LightGCN,schulze,random_31,1.0,0.2239225946365167,2.596258857414478,0.17981854794900584,0.0656838145716007,0.922473575463475,0.9809349821453223,0.1448448289999897,0.07752642453652497,0.9809349821453223,7.1215482350989,0.04106323307224328,0.7032993608567973,113.94437646865845
foursquaretky,LightGCN,schulze,random_32,1.0,0.9935248457341697,0.18535415101699973,1.8211210032488307,0.09285972365484572,0.9071892442657803,0.9068253938560291,0.3213927527448401,0.09281075573421972,0.9068253938560291,3.79688801790529,0.5430253062683098,0.8418095788864939,111.28031659126282
foursquaretky,LightGCN,schulze,random_33,1.0,1.1003276778589908,0.3131955552470993,1.58647676689391,0.0944629375380107,0.9072341746285884,0.9066004717326634,0.3212021737067086,0.0927658253714116,0.9066004717326634,3.8004799353830117,0.5476283893487534,0.8414529054353459,111.41727876663208
foursquaretky,LightGCN,schulze,random_34,1.0,0.5098546523982519,0.4377863184986813,2.052359029103067,0.07877306103279562,0.8745327170800211,0.8872801721076706,1.0,0.12546728291997888,0.8872801721076706,0.9025888131995982,0.4209547995422993,0.8160592427918015,114.70642066001892
foursquaretky,LightGCN,schulze,random_35,1.0,0.6020910781310969,1.4865721914394034,0.9113367304294998,0.10127026880586462,0.9309000098476027,0.908462684012181,0.2347205616455804,0.06909999015239729,0.908462684012181,4.4338649983780805,0.7132152161443499,0.833486897939871,111.44393253326416
foursquaretky,LightGCN,schulze,random_36,1.0,1.5800020251711189,1.0992908289041357,0.3207071459247456,0.1088562079837566,0.9714751316355736,0.9014097021861031,0.22537706151416545,0.028524868364426394,0.9014097021861031,4.645435043009583,0.812167617247707,0.8283196016432965,114.3947184085846
foursquaretky,LightGCN,schulze,random_37,1.0,0.45870639345964936,1.409044319969842,1.1322492865705085,0.09914352158777963,0.9317091024614201,0.9094378309555552,0.23382990067308126,0.0682908975385799,0.9094378309555552,4.453530349912513,0.6957456652326466,0.8337327164712686,110.72550201416016
foursquaretky,LightGCN,schulze,random_38,1.0,0.9125973555395739,0.7967963587281275,1.2906062857322986,0.10281389736702813,0.9292852356801689,0.9060310613617216,0.24119472083407384,0.07071476431983119,0.9060310613617216,4.339568040408415,0.7229759351943005,0.8360693068563317,111.29777312278748
foursquaretky,LightGCN,schulze,random_39,1.0,0.4086881768703151,2.367131067255523,0.22418075587416192,0.0656838145716007,0.922473575463475,0.9809349821453223,0.1448448289999897,0.07752642453652497,0.9809349821453223,7.1215482350989,0.04106323307224328,0.7032993608567973,113.56795048713684
